Title;DOI
The use of crowdsourced geographic information for spatial evaluation of cultural ecosystem services in the agricultural landscape the case of Chianti Classico (Italy);10.30682/nm1902g
Social media and deep learning reveal specific cultural preferences for biodiversity;10.1002/pan3.10466
Scale dependency in drivers of outdoor recreation in England;10.1002/pan3.10042
Harnessing artificial intelligence technology and social media data to support Cultural Ecosystem Service assessments;10.1002/pan3.10199
Quantifying wildlife watchers' preferences to investigate the overlap between recreational and conservation value of natural areas;10.1111/1365-2664.13274
Characterizing nature-based recreation preferences in a Mediterranean small island environment using crowdsourced data;10.1080/26395916.2023.2274594
Using social media data and machine learning to map recreational ecosystem services;10.1016/j.ecolind.2023.110606
Cultural ecosystem services provided by rivers across diverse social-ecological landscapes: A social media analysis;10.1016/j.ecolind.2019.105580
Crowdsourcing indicators for cultural ecosystem services: A geographically weighted approach for mountain landscapes;10.1016/j.ecolind.2015.12.042
Combining social media photographs and species distribution models to map cultural ecosystem services: The case of a Natural Park in Portugal;10.1016/j.ecolind.2018.08.043
Explicit quantification of coastal cultural ecosystem services: A novel approach based on the content and sentimental analysis of social media;10.1016/j.ecolind.2022.108756
Assessing forest recreational potential from social media data and remote sensing technologies data;10.1016/j.ecolind.2023.110165
Assessing the supply and demand linkage of cultural ecosystem services in a typical county-level city with protected areas in China;10.1016/j.ecolind.2023.109992
Spatial analysis of cultural ecosystem services using data from social media: A guide to model selection for research and practice;10.3897/oneeco.8.e95685
Using image recognition to automate assessment of cultural ecosystem services from social media photographs;10.1016/j.ecoser.2017.09.004
Revealing spatial and temporal patterns of outdoor recreation in the European Alps and their surroundings;10.1016/j.ecoser.2017.11.017
Quantifying the visual-sensory landscape qualities that contribute to cultural ecosystem services using social media and LiDAR;10.1016/j.ecoser.2018.03.022
Defining and spatially modelling cultural ecosystem services using crowdsourced data;10.1016/j.ecoser.2020.101091
Crowdsourcing social values data: Flickr and public participation GIS provide different perspectives of ecosystem services in a remote coastal region;10.1016/j.ecoser.2023.101566
Demand and supply of cultural ecosystem services: Use of geotagged photos to map the aesthetic value of landscapes in Hokkaido;10.1016/j.ecoser.2017.02.009
Understanding different cultural ecosystem services: An exploration of rural landscape preferences based on geographic and social media data;10.1016/j.jenvman.2022.115487
Assessing grassland cultural ecosystem services supply and demand for promoting the sustainable realization of grassland cultural values;10.1016/j.scitotenv.2023.169255
A New Approach to Mapping Cultural Ecosystem Services;10.3390/environments8060056
Snapshots of Nature-Based Recreation Across Rural Landscapes: Insights from Geotagged Photographs in the Northeastern United States;10.1007/s00267-022-01728-2
Assessment of spatial variability of multiple ecosystem services in grasslands of different intensities;10.1016/j.jenvman.2019.109372
POIs-based public preferences mapping on imbalanced supply-demand of recreation services can support sustainable coastal beach management;10.3389/fmars.2024.1288112
Mapping and modeling the impact of climate change on recreational ecosystem services using machine learning and big data;10.1088/1748-9326/ac65a3
Exploring the Influencing Factors of the Recreational Utilization and Evaluation of Urban Ecological Protection Green Belts for Urban Renewal: A Case Study in Shanghai;10.3390/ijerph181910244
Earth observation and social media: Evaluating the spatiotemporal contribution of non-native trees to cultural ecosystem services;10.1016/j.rse.2019.05.012
An Interpretation of Landscape Preferences Based on Geographic and Social Media Data to Understand Different Cultural Ecosystem Services;10.3390/land13020125
Can We Foresee Landscape Interest? Maximum Entropy Applied to Social Media Photographs: A Case Study in Madrid;10.3390/land11050715
The Geographic Spread and Preferences of Tourists Revealed by User-Generated Information on Jeju Island, South Korea;10.3390/land8050073
Recreation and environmental quality of tropical wetlands: A social media based spatial analysis;10.1016/j.tourman.2018.10.018
Modelling cultural ecosystem services in agricultural dykelands and tidal wetlands to inform coastal infrastructure decisions: A social media data approach;10.1016/j.marpol.2023.105533
Big data and evaluation of cultural ecosystem services: an analysis based on geotagged photographs from social media in Tuscan forest (Italy);10.3832/ifor2821-011
Understanding the dynamic changes in wetland cultural ecosystem services: Integrating annual social media data into the SolVES;10.1016/j.apgeog.2023.102992
Digital footprints: Incorporating crowdsourced geographic information for protected area management;10.1016/j.apgeog.2017.11.004
Geodiversity Supports Cultural Ecosystem Services: an Assessment Using Social Media;10.1007/s12371-022-00665-0
MaxEnt modelling of the potential distribution areas of cultural ecosystem services using social media data and GIS;10.1007/s10668-020-00692-3
Advancing Sustainable Development and Protected Area Management with Social Media-Based Tourism Data;10.3390/su13052427
Landscape management and planning as a spatial organization method connecting CES supply-demand assessment and sustainable tourism development;10.1016/j.jort.2023.100705
Spatial and Temporal Dynamics and Value of Nature-Based Recreation, Estimated via Social Media;10.1371/journal.pone.0162372
Social media and deep learning capture the aesthetic quality of the landscape;10.1038/s41598-021-99282-0
Linking modelling and empirical data to assess recreation services provided by coastal habitats: The case of NW Portugal;10.1016/j.ocecoaman.2017.12.022
How do urban park features affect cultural ecosystem services: Quantified evidence for design practices;10.1016/j.ufug.2022.127713
Disparity in Perceptions of Social Values for Ecosystem Services of Urban Green Space: A Case Study in the East Lake Scenic Area, Wuhan;10.3389/fpubh.2020.00370
Seasonal influences on preferences for urban blue-green spaces: Integrating land surface temperature into the assessment of cultural ecosystem service value;10.1016/j.scs.2024.105237
Using crowdsourced spatial data from Flickr vs. PPGIS for understanding nature's contribution to people in Southern Norway;10.1002/pan3.10083
Digital conservation in biosphere reserves: Earth observations, social media, and nature’s cultural contributions to people;10.1111/conl.12704
A rapid indicator of cultural ecosystem service usage at a fine spatial scale: Content analysis of social media photographs;10.1016/j.ecolind.2015.01.034
Evaluating the supply and demand of cultural ecosystem services in the Tibetan Plateau of China;10.1007/s10980-022-01467-z
Biodiversity and infrastructure interact to drive tourism to and within Costa Rica;10.1073/pnas.2107662119
Geolocated social media as a rapid indicator of park visitation and equitable park access;10.1016/j.compenvurbsys.2018.01.007
How can urban green space be planned for a ‘happy city’? Evidence from overhead- to eye-level green exposure metrics;10.1016/j.landurbplan.2024.105131
Identifying the spatiotemporal dynamics of forest ecotourism values with remotely sensed images and social media data: A perspective of public preferences;10.1016/j.jclepro.2022.130715
Quantifying nature-based tourism in protected areas in developing countries by using social big data;10.1016/j.tourman.2018.12.005
What are the factors influencing recreational visits to national forest parks in China? Experiments using crowdsourced geospatial data;10.1016/j.ufug.2022.127570
Using social media and citizen science to assess cultural ecosystem services along riverine landscapes;10.1002/aqc.4233
Assessing the Supply-Demand Matching and Spatial Flow of Urban Cultural Ecosystem Services: Based on Geospatial Data and User Interaction Data;10.3390/land14040773
Mapping multiple stakeholder-perceived cultural ecosystem services in coastal landscapes along the Maritime Silk Road;10.1080/01426397.2025.2501233
Revealing youth-perceived cultural ecosystem services for high-density urban green space management: a deep learning spatial analysis of social media photographs from central Beijing;10.1007/s10980-025-02115-y
Spatial patterns and interactions among multiple cultural ecosystem services across urban greenspaces;10.1016/j.ecoser.2025.101740
Aesthetic appreciation of the cultural landscape through social media: An analysis of revealed preference in the Dutch river landscape;10.1016/j.landurbplan.2018.05.002
Continental-scale quantification of landscape values using social media data;10.1073/pnas.1614158113
Recreational visits to urban parks and factors affecting park visits: Evidence from geotagged social media data;10.1016/j.landurbplan.2018.08.004
Seasonal variation of cultural ecosystem services in urban blue-green spaces based on the SoLVES model and social media data;10.1016/j.ecolind.2025.114393
Spatial assessment of tourists' demand for cultural ecosystem services in the Kalajun World Natural Heritage Site, China;10.1016/j.jort.2025.100972
Modelling cultural ecosystem services of river landscapes in the Iberian Peninsula with deep learning and social media images;10.1016/j.jenvman.2025.127667
