ID;Authors;Article Title;CES services type original;Models.used;Metrics;Metrics values;Metrics values2
1;"Mouttaki, I; Khomalli, Y; Maanan, M; Bagdanaviciute, I; Rhinane, H; Kuriqi, A; Pham, QB; Maanan, M";A New Approach to Mapping Cultural Ecosystem Services;Tourism attraction;Simple Linear Regression;R² (Coefficient of Determination);;
68;"Richards, DR; Friess, DA";A rapid indicator of cultural ecosystem service usage at a fine spatial scale: Content analysis of social media photographs;Fishing recreation;MaxEnt;AUC-ROC (Area Under the Receiver Operating Characteristic Curve);;
68;"Richards, DR; Friess, DA";A rapid indicator of cultural ecosystem service usage at a fine spatial scale: Content analysis of social media photographs;History;MaxEnt;AUC-ROC (Area Under the Receiver Operating Characteristic Curve);;
68;"Richards, DR; Friess, DA";A rapid indicator of cultural ecosystem service usage at a fine spatial scale: Content analysis of social media photographs;Landscape;MaxEnt;AUC-ROC (Area Under the Receiver Operating Characteristic Curve);0.96;
68;"Richards, DR; Friess, DA";A rapid indicator of cultural ecosystem service usage at a fine spatial scale: Content analysis of social media photographs;Nature appreciation;MaxEnt;AUC-ROC (Area Under the Receiver Operating Characteristic Curve);0.96;
68;"Richards, DR; Friess, DA";A rapid indicator of cultural ecosystem service usage at a fine spatial scale: Content analysis of social media photographs;Research;MaxEnt;AUC-ROC (Area Under the Receiver Operating Characteristic Curve);;
68;"Richards, DR; Friess, DA";A rapid indicator of cultural ecosystem service usage at a fine spatial scale: Content analysis of social media photographs;Social recreation;MaxEnt;AUC-ROC (Area Under the Receiver Operating Characteristic Curve);0.94;
2;"Arkema, KK; Fisher, DM; Wyatt, K; Wood, SA; Payne, HJ";Advancing Sustainable Development and Protected Area Management with Social Media-Based Tourism Data;recreation and tourism;Simple Linear Regression;R² (Coefficient of Determination);0.86;
3;"Yang, YT; Duan, W";An Interpretation of Landscape Preferences Based on Geographic and Social Media Data to Understand Different Cultural Ecosystem Services;experiential CES;Random Forest;MSE(Mean Square Error);0.129;
3;"Yang, YT; Duan, W";An Interpretation of Landscape Preferences Based on Geographic and Social Media Data to Understand Different Cultural Ecosystem Services;experiential CES;Random Forest;RMSE (Root Mean Squared Error);0.359;
3;"Yang, YT; Duan, W";An Interpretation of Landscape Preferences Based on Geographic and Social Media Data to Understand Different Cultural Ecosystem Services;experiential CES;Random Forest;MAE (Mean Absolute Error);0.304;
3;"Yang, YT; Duan, W";An Interpretation of Landscape Preferences Based on Geographic and Social Media Data to Understand Different Cultural Ecosystem Services;experiential CES;Random Forest;MAPE(Mean Absolute Percentage Error);6.669;
3;"Yang, YT; Duan, W";An Interpretation of Landscape Preferences Based on Geographic and Social Media Data to Understand Different Cultural Ecosystem Services;experiential CES;Random Forest;R² (Coefficient of Determination);-2.259;
3;"Yang, YT; Duan, W";An Interpretation of Landscape Preferences Based on Geographic and Social Media Data to Understand Different Cultural Ecosystem Services;inspirational CES;Random Forest;MSE(Mean Square Error);0.075;
3;"Yang, YT; Duan, W";An Interpretation of Landscape Preferences Based on Geographic and Social Media Data to Understand Different Cultural Ecosystem Services;inspirational CES;Random Forest;RMSE (Root Mean Squared Error);0.275;
3;"Yang, YT; Duan, W";An Interpretation of Landscape Preferences Based on Geographic and Social Media Data to Understand Different Cultural Ecosystem Services;inspirational CES;Random Forest;MAE (Mean Absolute Error);0.218;
3;"Yang, YT; Duan, W";An Interpretation of Landscape Preferences Based on Geographic and Social Media Data to Understand Different Cultural Ecosystem Services;inspirational CES;Random Forest;MAPE(Mean Absolute Percentage Error);4.865;
3;"Yang, YT; Duan, W";An Interpretation of Landscape Preferences Based on Geographic and Social Media Data to Understand Different Cultural Ecosystem Services;inspirational CES;Random Forest;R² (Coefficient of Determination);0.885;
3;"Yang, YT; Duan, W";An Interpretation of Landscape Preferences Based on Geographic and Social Media Data to Understand Different Cultural Ecosystem Services;intellectual CES;Random Forest;MSE(Mean Square Error);0.163;
3;"Yang, YT; Duan, W";An Interpretation of Landscape Preferences Based on Geographic and Social Media Data to Understand Different Cultural Ecosystem Services;intellectual CES;Random Forest;RMSE (Root Mean Squared Error);0.404;
3;"Yang, YT; Duan, W";An Interpretation of Landscape Preferences Based on Geographic and Social Media Data to Understand Different Cultural Ecosystem Services;intellectual CES;Random Forest;MAE (Mean Absolute Error);0.298;
3;"Yang, YT; Duan, W";An Interpretation of Landscape Preferences Based on Geographic and Social Media Data to Understand Different Cultural Ecosystem Services;intellectual CES;Random Forest;MAPE(Mean Absolute Percentage Error);6.685;
3;"Yang, YT; Duan, W";An Interpretation of Landscape Preferences Based on Geographic and Social Media Data to Understand Different Cultural Ecosystem Services;intellectual CES;Random Forest;R² (Coefficient of Determination);-0.38;
3;"Yang, YT; Duan, W";An Interpretation of Landscape Preferences Based on Geographic and Social Media Data to Understand Different Cultural Ecosystem Services;physical CES;Random Forest;MSE(Mean Square Error);0.234;
3;"Yang, YT; Duan, W";An Interpretation of Landscape Preferences Based on Geographic and Social Media Data to Understand Different Cultural Ecosystem Services;physical CES;Random Forest;RMSE (Root Mean Squared Error);0.484;
3;"Yang, YT; Duan, W";An Interpretation of Landscape Preferences Based on Geographic and Social Media Data to Understand Different Cultural Ecosystem Services;physical CES;Random Forest;MAE (Mean Absolute Error);0.413;
3;"Yang, YT; Duan, W";An Interpretation of Landscape Preferences Based on Geographic and Social Media Data to Understand Different Cultural Ecosystem Services;physical CES;Random Forest;MAPE(Mean Absolute Percentage Error);9.644;
3;"Yang, YT; Duan, W";An Interpretation of Landscape Preferences Based on Geographic and Social Media Data to Understand Different Cultural Ecosystem Services;physical CES;Random Forest;R² (Coefficient of Determination);-2.89;
4;"Lingua, F; Coops, NC; Griess, VC";Assessing forest recreational potential from social media data and remote sensing technologies data;Recreational activities;Random Forest;Gini Impurity;;
4;"Lingua, F; Coops, NC; Griess, VC";Assessing forest recreational potential from social media data and remote sensing technologies data;Recreational activities;Random Forest;Accuracy;0.74;
5;"Wang, L; Huang, L; Cao, W; Zhai, J; Fan, JW";Assessing grassland cultural ecosystem services supply and demand for promoting the sustainable realization of grassland cultural values;Grassland recuperation;MaxEnt;AUC-ROC (Area Under the Receiver Operating Characteristic Curve);0.5;0.7
5;"Wang, L; Huang, L; Cao, W; Zhai, J; Fan, JW";Assessing grassland cultural ecosystem services supply and demand for promoting the sustainable realization of grassland cultural values;Scenic travel;MaxEnt;AUC-ROC (Area Under the Receiver Operating Characteristic Curve);0.5;0.7
5;"Wang, L; Huang, L; Cao, W; Zhai, J; Fan, JW";Assessing grassland cultural ecosystem services supply and demand for promoting the sustainable realization of grassland cultural values;Science education history;MaxEnt;AUC-ROC (Area Under the Receiver Operating Characteristic Curve);0.5;0.7
5;"Wang, L; Huang, L; Cao, W; Zhai, J; Fan, JW";Assessing grassland cultural ecosystem services supply and demand for promoting the sustainable realization of grassland cultural values;Spiritual belief;MaxEnt;AUC-ROC (Area Under the Receiver Operating Characteristic Curve);0.5;0.7
6;"Zhao, YQ; You, WB; Lin, XE; He, DJ";Assessing the supply and demand linkage of cultural ecosystem services in a typical county-level city with protected areas in China;Aesthetic inspiration;MaxEnt;AUC-ROC (Area Under the Receiver Operating Characteristic Curve);0.5;0.7
6;"Zhao, YQ; You, WB; Lin, XE; He, DJ";Assessing the supply and demand linkage of cultural ecosystem services in a typical county-level city with protected areas in China;Education humanities;MaxEnt;AUC-ROC (Area Under the Receiver Operating Characteristic Curve);0.5;0.7
6;"Zhao, YQ; You, WB; Lin, XE; He, DJ";Assessing the supply and demand linkage of cultural ecosystem services in a typical county-level city with protected areas in China;Recreation and ecotourism;MaxEnt;AUC-ROC (Area Under the Receiver Operating Characteristic Curve);0.5;0.7
7;"Solen, L; Finger, R; Buchmann, N; Gosal, AS; Hörtnagl, L; Huguenin-Elie, O; Jeanneret, P; Lüscher, A; Schneider, MK; Huber, R";Assessment of spatial variability of multiple ecosystem services in grasslands of different intensities;Outdoor recreation;Simple Linear Regression;R² (Coefficient of Determination);;
8;"Bernetti, I; Chirici, G; Sacchelli, S";Big data and evaluation of cultural ecosystem services: an analysis based on geotagged photographs from social media in Tuscan forest (Italy);Aesthetic appreciation;MaxEnt;AUC-ROC (Area Under the Receiver Operating Characteristic Curve);0.7;0.9
379;"Echeverri A.; Smith J.R.; MacArthur-Waltz D.; Lauck K.S.; Anderson C.B.; Vargas R.M.; Quesada I.A.; Wood S.A.; Chaplin-Kramer R.; Daily G.C.";Biodiversity and infrastructure interact to drive tourism to and within Costa Rica;tourism;MaxEnt;AUC-ROC (Area Under the Receiver Operating Characteristic Curve);;
9;"Marine, N; Arnaiz-Schmitz, C; Santos-Cid, L; Schmitz, MF";Can We Foresee Landscape Interest? Maximum Entropy Applied to Social Media Photographs: A Case Study in Madrid;Cultural activities;MaxEnt;AUC-ROC (Area Under the Receiver Operating Characteristic Curve);0.75;0.9
9;"Marine, N; Arnaiz-Schmitz, C; Santos-Cid, L; Schmitz, MF";Can We Foresee Landscape Interest? Maximum Entropy Applied to Social Media Photographs: A Case Study in Madrid;Recreational activities;MaxEnt;AUC-ROC (Area Under the Receiver Operating Characteristic Curve);0.75;0.9
10;"Costadone, L; Balzan, M";Characterizing nature-based recreation preferences in a Mediterranean small island environment using crowdsourced data;people's nature-based recreation;Generalized Linear Model;AIC (Akaike Information Criterion);;
12;"Clemente, P; Calvache, M; Antunes, P; Santos, R; Cerdeira, JO; Martins, MJ";Combining social media photographs and species distribution models to map cultural ecosystem services: The case of a Natural Park in Portugal;Aesthetic landscape;MaxEnt;Gain;1.9;62
12;"Clemente, P; Calvache, M; Antunes, P; Santos, R; Cerdeira, JO; Martins, MJ";Combining social media photographs and species distribution models to map cultural ecosystem services: The case of a Natural Park in Portugal;Cultural heritage and identity;MaxEnt;Gain;5.8;39.9
12;"Clemente, P; Calvache, M; Antunes, P; Santos, R; Cerdeira, JO; Martins, MJ";Combining social media photographs and species distribution models to map cultural ecosystem services: The case of a Natural Park in Portugal;Inspiration;MaxEnt;Gain;1.3;41
12;"Clemente, P; Calvache, M; Antunes, P; Santos, R; Cerdeira, JO; Martins, MJ";Combining social media photographs and species distribution models to map cultural ecosystem services: The case of a Natural Park in Portugal;Recreation;MaxEnt;Gain;2.5;52
12;"Clemente, P; Calvache, M; Antunes, P; Santos, R; Cerdeira, JO; Martins, MJ";Combining social media photographs and species distribution models to map cultural ecosystem services: The case of a Natural Park in Portugal;Scientific and educational;MaxEnt;Gain;2;37.9
12;"Clemente, P; Calvache, M; Antunes, P; Santos, R; Cerdeira, JO; Martins, MJ";Combining social media photographs and species distribution models to map cultural ecosystem services: The case of a Natural Park in Portugal;Spiritual and religious;MaxEnt;Gain;2;37.9
13;"Tenerelli, P; Demsar, U; Luque, S";Crowdsourcing indicators for cultural ecosystem services: A geographically weighted approach for mountain landscapes;Intellectual and representative interactions;Geographic Weighted Poisson Regression;AIC (Akaike Information Criterion);1111.6133;
13;"Tenerelli, P; Demsar, U; Luque, S";Crowdsourcing indicators for cultural ecosystem services: A geographically weighted approach for mountain landscapes;Intellectual and representative interactions;Geographic Weighted Poisson Regression;Percentage of explained deviance;56;
13;"Tenerelli, P; Demsar, U; Luque, S";Crowdsourcing indicators for cultural ecosystem services: A geographically weighted approach for mountain landscapes;Intellectual and representative interactions;Geographic Weighted Poisson Regression;Moran's I;0.046;
13;"Tenerelli, P; Demsar, U; Luque, S";Crowdsourcing indicators for cultural ecosystem services: A geographically weighted approach for mountain landscapes;Physical and experiential interactions;Geographic Weighted Poisson Regression;AIC (Akaike Information Criterion);1111.6133;
13;"Tenerelli, P; Demsar, U; Luque, S";Crowdsourcing indicators for cultural ecosystem services: A geographically weighted approach for mountain landscapes;Physical and experiential interactions;Geographic Weighted Poisson Regression;Percentage of explained deviance;56;
13;"Tenerelli, P; Demsar, U; Luque, S";Crowdsourcing indicators for cultural ecosystem services: A geographically weighted approach for mountain landscapes;Physical and experiential interactions;Geographic Weighted Poisson Regression;Moran's I;0.046;
14;"Daymond, T; Andrew, ME; Kobryn, HT";Crowdsourcing social values data: Flickr and public participation GIS provide different perspectives of ecosystem services in a remote coastal region;Aboriginal;MaxEnt;AUC-ROC (Area Under the Receiver Operating Characteristic Curve);0.864;
14;"Daymond, T; Andrew, ME; Kobryn, HT";Crowdsourcing social values data: Flickr and public participation GIS provide different perspectives of ecosystem services in a remote coastal region;Biological;MaxEnt;AUC-ROC (Area Under the Receiver Operating Characteristic Curve);0.853;
14;"Daymond, T; Andrew, ME; Kobryn, HT";Crowdsourcing social values data: Flickr and public participation GIS provide different perspectives of ecosystem services in a remote coastal region;Economic;MaxEnt;AUC-ROC (Area Under the Receiver Operating Characteristic Curve);0.956;
14;"Daymond, T; Andrew, ME; Kobryn, HT";Crowdsourcing social values data: Flickr and public participation GIS provide different perspectives of ecosystem services in a remote coastal region;Heritage;MaxEnt;AUC-ROC (Area Under the Receiver Operating Characteristic Curve);0.908;
14;"Daymond, T; Andrew, ME; Kobryn, HT";Crowdsourcing social values data: Flickr and public participation GIS provide different perspectives of ecosystem services in a remote coastal region;Learning;MaxEnt;AUC-ROC (Area Under the Receiver Operating Characteristic Curve);0.671;
14;"Daymond, T; Andrew, ME; Kobryn, HT";Crowdsourcing social values data: Flickr and public participation GIS provide different perspectives of ecosystem services in a remote coastal region;Nature-based tourism;MaxEnt;AUC-ROC (Area Under the Receiver Operating Characteristic Curve);0.859;
14;"Daymond, T; Andrew, ME; Kobryn, HT";Crowdsourcing social values data: Flickr and public participation GIS provide different perspectives of ecosystem services in a remote coastal region;Recreation;MaxEnt;AUC-ROC (Area Under the Receiver Operating Characteristic Curve);0.866;
14;"Daymond, T; Andrew, ME; Kobryn, HT";Crowdsourcing social values data: Flickr and public participation GIS provide different perspectives of ecosystem services in a remote coastal region;Recreational fishing;MaxEnt;AUC-ROC (Area Under the Receiver Operating Characteristic Curve);0.885;
14;"Daymond, T; Andrew, ME; Kobryn, HT";Crowdsourcing social values data: Flickr and public participation GIS provide different perspectives of ecosystem services in a remote coastal region;Scenic;MaxEnt;AUC-ROC (Area Under the Receiver Operating Characteristic Curve);0.819;
14;"Daymond, T; Andrew, ME; Kobryn, HT";Crowdsourcing social values data: Flickr and public participation GIS provide different perspectives of ecosystem services in a remote coastal region;Spiritual;MaxEnt;AUC-ROC (Area Under the Receiver Operating Characteristic Curve);0.814;
15;"Hale, RL; Cook, EM; Beltrán, BJ";Cultural ecosystem services provided by rivers across diverse social-ecological landscapes: A social media analysis;Aesthetics;Logistic regression;McFadden’s pseudo R²;0.21;
15;"Hale, RL; Cook, EM; Beltrán, BJ";Cultural ecosystem services provided by rivers across diverse social-ecological landscapes: A social media analysis;Aesthetics;Multiple linear regression;R² (Coefficient of Determination);0.24;
15;"Hale, RL; Cook, EM; Beltrán, BJ";Cultural ecosystem services provided by rivers across diverse social-ecological landscapes: A social media analysis;Cultural diversity;Logistic regression;McFadden’s pseudo R²;0.21;
15;"Hale, RL; Cook, EM; Beltrán, BJ";Cultural ecosystem services provided by rivers across diverse social-ecological landscapes: A social media analysis;Cultural diversity;Multiple linear regression;R² (Coefficient of Determination);0.24;
15;"Hale, RL; Cook, EM; Beltrán, BJ";Cultural ecosystem services provided by rivers across diverse social-ecological landscapes: A social media analysis;Cultural heritage;Logistic regression;McFadden’s pseudo R²;0.21;
15;"Hale, RL; Cook, EM; Beltrán, BJ";Cultural ecosystem services provided by rivers across diverse social-ecological landscapes: A social media analysis;Cultural heritage;Multiple linear regression;R² (Coefficient of Determination);0.24;
15;"Hale, RL; Cook, EM; Beltrán, BJ";Cultural ecosystem services provided by rivers across diverse social-ecological landscapes: A social media analysis;Education;Logistic regression;McFadden’s pseudo R²;0.21;
15;"Hale, RL; Cook, EM; Beltrán, BJ";Cultural ecosystem services provided by rivers across diverse social-ecological landscapes: A social media analysis;Education;Multiple linear regression;R² (Coefficient of Determination);0.24;
15;"Hale, RL; Cook, EM; Beltrán, BJ";Cultural ecosystem services provided by rivers across diverse social-ecological landscapes: A social media analysis;Existence;Logistic regression;McFadden’s pseudo R²;0.21;
15;"Hale, RL; Cook, EM; Beltrán, BJ";Cultural ecosystem services provided by rivers across diverse social-ecological landscapes: A social media analysis;Existence;Multiple linear regression;R² (Coefficient of Determination);0.24;
15;"Hale, RL; Cook, EM; Beltrán, BJ";Cultural ecosystem services provided by rivers across diverse social-ecological landscapes: A social media analysis;Inspiration;Logistic regression;McFadden’s pseudo R²;0.21;
15;"Hale, RL; Cook, EM; Beltrán, BJ";Cultural ecosystem services provided by rivers across diverse social-ecological landscapes: A social media analysis;Inspiration;Multiple linear regression;R² (Coefficient of Determination);0.24;
15;"Hale, RL; Cook, EM; Beltrán, BJ";Cultural ecosystem services provided by rivers across diverse social-ecological landscapes: A social media analysis;Knowledge systems;Logistic regression;McFadden’s pseudo R²;0.21;
15;"Hale, RL; Cook, EM; Beltrán, BJ";Cultural ecosystem services provided by rivers across diverse social-ecological landscapes: A social media analysis;Knowledge systems;Multiple linear regression;R² (Coefficient of Determination);0.24;
15;"Hale, RL; Cook, EM; Beltrán, BJ";Cultural ecosystem services provided by rivers across diverse social-ecological landscapes: A social media analysis;Recreation;Logistic regression;McFadden’s pseudo R²;0.21;
15;"Hale, RL; Cook, EM; Beltrán, BJ";Cultural ecosystem services provided by rivers across diverse social-ecological landscapes: A social media analysis;Recreation;Multiple linear regression;R² (Coefficient of Determination);0.24;
15;"Hale, RL; Cook, EM; Beltrán, BJ";Cultural ecosystem services provided by rivers across diverse social-ecological landscapes: A social media analysis;Sense of place;Logistic regression;McFadden’s pseudo R²;0.21;
15;"Hale, RL; Cook, EM; Beltrán, BJ";Cultural ecosystem services provided by rivers across diverse social-ecological landscapes: A social media analysis;Sense of place;Multiple linear regression;R² (Coefficient of Determination);0.24;
15;"Hale, RL; Cook, EM; Beltrán, BJ";Cultural ecosystem services provided by rivers across diverse social-ecological landscapes: A social media analysis;Social relations;Logistic regression;McFadden’s pseudo R²;0.21;
15;"Hale, RL; Cook, EM; Beltrán, BJ";Cultural ecosystem services provided by rivers across diverse social-ecological landscapes: A social media analysis;Social relations;Multiple linear regression;R² (Coefficient of Determination);0.24;
15;"Hale, RL; Cook, EM; Beltrán, BJ";Cultural ecosystem services provided by rivers across diverse social-ecological landscapes: A social media analysis;Spiritual;Logistic regression;McFadden’s pseudo R²;0.21;
15;"Hale, RL; Cook, EM; Beltrán, BJ";Cultural ecosystem services provided by rivers across diverse social-ecological landscapes: A social media analysis;Spiritual;Multiple linear regression;R² (Coefficient of Determination);0.24;
16;"Havinga, I; Bogaart, PW; Hein, L; Tuia, D";Defining and spatially modelling cultural ecosystem services using crowdsourced data;Activity services – hiking environment;GEM (Global Ecological Model);Undefined;;
16;"Havinga, I; Bogaart, PW; Hein, L; Tuia, D";Defining and spatially modelling cultural ecosystem services using crowdsourced data;Aesthetic services – landscape presence;GEM (Global Ecological Model);Undefined;;
16;"Havinga, I; Bogaart, PW; Hein, L; Tuia, D";Defining and spatially modelling cultural ecosystem services using crowdsourced data;Naturalist services – species observations;GEM (Global Ecological Model);Undefined;;
17;"Yoshimura, N; Hiura, T";Demand and supply of cultural ecosystem services: Use of geotagged photos to map the aesthetic value of landscapes in Hokkaido;Aesthetic value;MaxEnt;AUC-ROC (Area Under the Receiver Operating Characteristic Curve);0.802;
359;"Vaz, AS; Moreno-Llorca, RA; Gonçalves, JF; Vicente, JR; Méndez, PF; Revilla, E; Santamaria, L; Bonet-García, FJ; Honrado, JP; Alcaraz-Segura, D";Digital conservation in biosphere reserves: Earth observations, social media, and nature’s cultural contributions to people;Cultural heritage;Generalized Linear Model;AICc (Corrected Akaike Information Criterion);0;324.06
359;"Vaz, AS; Moreno-Llorca, RA; Gonçalves, JF; Vicente, JR; Méndez, PF; Revilla, E; Santamaria, L; Bonet-García, FJ; Honrado, JP; Alcaraz-Segura, D";Digital conservation in biosphere reserves: Earth observations, social media, and nature’s cultural contributions to people;Cultural heritage;Generalized Linear Model;Weight;0;1
359;"Vaz, AS; Moreno-Llorca, RA; Gonçalves, JF; Vicente, JR; Méndez, PF; Revilla, E; Santamaria, L; Bonet-García, FJ; Honrado, JP; Alcaraz-Segura, D";Digital conservation in biosphere reserves: Earth observations, social media, and nature’s cultural contributions to people;Cultural heritage;Generalized Linear Model;Nagelkerke's deviance;0;0.59
359;"Vaz, AS; Moreno-Llorca, RA; Gonçalves, JF; Vicente, JR; Méndez, PF; Revilla, E; Santamaria, L; Bonet-García, FJ; Honrado, JP; Alcaraz-Segura, D";Digital conservation in biosphere reserves: Earth observations, social media, and nature’s cultural contributions to people;Flora and fauna;Generalized Linear Model;AICc (Corrected Akaike Information Criterion);0;203.69
359;"Vaz, AS; Moreno-Llorca, RA; Gonçalves, JF; Vicente, JR; Méndez, PF; Revilla, E; Santamaria, L; Bonet-García, FJ; Honrado, JP; Alcaraz-Segura, D";Digital conservation in biosphere reserves: Earth observations, social media, and nature’s cultural contributions to people;Flora and fauna;Generalized Linear Model;Weight;0;1
359;"Vaz, AS; Moreno-Llorca, RA; Gonçalves, JF; Vicente, JR; Méndez, PF; Revilla, E; Santamaria, L; Bonet-García, FJ; Honrado, JP; Alcaraz-Segura, D";Digital conservation in biosphere reserves: Earth observations, social media, and nature’s cultural contributions to people;Flora and fauna;Generalized Linear Model;Nagelkerke's deviance;0;0.53
359;"Vaz, AS; Moreno-Llorca, RA; Gonçalves, JF; Vicente, JR; Méndez, PF; Revilla, E; Santamaria, L; Bonet-García, FJ; Honrado, JP; Alcaraz-Segura, D";Digital conservation in biosphere reserves: Earth observations, social media, and nature’s cultural contributions to people;Landscape and nature;Generalized Linear Model;AICc (Corrected Akaike Information Criterion);0;361.99
359;"Vaz, AS; Moreno-Llorca, RA; Gonçalves, JF; Vicente, JR; Méndez, PF; Revilla, E; Santamaria, L; Bonet-García, FJ; Honrado, JP; Alcaraz-Segura, D";Digital conservation in biosphere reserves: Earth observations, social media, and nature’s cultural contributions to people;Landscape and nature;Generalized Linear Model;Weight;0;1
359;"Vaz, AS; Moreno-Llorca, RA; Gonçalves, JF; Vicente, JR; Méndez, PF; Revilla, E; Santamaria, L; Bonet-García, FJ; Honrado, JP; Alcaraz-Segura, D";Digital conservation in biosphere reserves: Earth observations, social media, and nature’s cultural contributions to people;Landscape and nature;Generalized Linear Model;Nagelkerke's deviance;0;0.6
359;"Vaz, AS; Moreno-Llorca, RA; Gonçalves, JF; Vicente, JR; Méndez, PF; Revilla, E; Santamaria, L; Bonet-García, FJ; Honrado, JP; Alcaraz-Segura, D";Digital conservation in biosphere reserves: Earth observations, social media, and nature’s cultural contributions to people;Recreation and sports;Generalized Linear Model;AICc (Corrected Akaike Information Criterion);0;307.16
359;"Vaz, AS; Moreno-Llorca, RA; Gonçalves, JF; Vicente, JR; Méndez, PF; Revilla, E; Santamaria, L; Bonet-García, FJ; Honrado, JP; Alcaraz-Segura, D";Digital conservation in biosphere reserves: Earth observations, social media, and nature’s cultural contributions to people;Recreation and sports;Generalized Linear Model;Weight;0;1
359;"Vaz, AS; Moreno-Llorca, RA; Gonçalves, JF; Vicente, JR; Méndez, PF; Revilla, E; Santamaria, L; Bonet-García, FJ; Honrado, JP; Alcaraz-Segura, D";Digital conservation in biosphere reserves: Earth observations, social media, and nature’s cultural contributions to people;Recreation and sports;Generalized Linear Model;Nagelkerke's deviance;0;0.7
359;"Vaz, AS; Moreno-Llorca, RA; Gonçalves, JF; Vicente, JR; Méndez, PF; Revilla, E; Santamaria, L; Bonet-García, FJ; Honrado, JP; Alcaraz-Segura, D";Digital conservation in biosphere reserves: Earth observations, social media, and nature’s cultural contributions to people;Rural tourism;Generalized Linear Model;AICc (Corrected Akaike Information Criterion);0;22.83
359;"Vaz, AS; Moreno-Llorca, RA; Gonçalves, JF; Vicente, JR; Méndez, PF; Revilla, E; Santamaria, L; Bonet-García, FJ; Honrado, JP; Alcaraz-Segura, D";Digital conservation in biosphere reserves: Earth observations, social media, and nature’s cultural contributions to people;Rural tourism;Generalized Linear Model;Weight;0;1
359;"Vaz, AS; Moreno-Llorca, RA; Gonçalves, JF; Vicente, JR; Méndez, PF; Revilla, E; Santamaria, L; Bonet-García, FJ; Honrado, JP; Alcaraz-Segura, D";Digital conservation in biosphere reserves: Earth observations, social media, and nature’s cultural contributions to people;Rural tourism;Generalized Linear Model;Nagelkerke's deviance;0;1104.98
18;"Walden-Schreiner, C; Leung, YF; Tateosian, L";Digital footprints: Incorporating crowdsourced geographic information for protected area management;Human visitation and distribution;MaxEnt;AUC-ROC (Area Under the Receiver Operating Characteristic Curve);0.95;
19;"Chen, YY; Ke, XL; Min, M; Cheng, P";Disparity in Perceptions of Social Values for Ecosystem Services of Urban Green Space: A Case Study in the East Lake Scenic Area, Wuhan;Aesthetic;MaxEnt;AUC-ROC (Area Under the Receiver Operating Characteristic Curve);0.909;
19;"Chen, YY; Ke, XL; Min, M; Cheng, P";Disparity in Perceptions of Social Values for Ecosystem Services of Urban Green Space: A Case Study in the East Lake Scenic Area, Wuhan;Biodiversity;MaxEnt;AUC-ROC (Area Under the Receiver Operating Characteristic Curve);0.85;
19;"Chen, YY; Ke, XL; Min, M; Cheng, P";Disparity in Perceptions of Social Values for Ecosystem Services of Urban Green Space: A Case Study in the East Lake Scenic Area, Wuhan;Cultural;MaxEnt;AUC-ROC (Area Under the Receiver Operating Characteristic Curve);0.935;
19;"Chen, YY; Ke, XL; Min, M; Cheng, P";Disparity in Perceptions of Social Values for Ecosystem Services of Urban Green Space: A Case Study in the East Lake Scenic Area, Wuhan;Economic;MaxEnt;AUC-ROC (Area Under the Receiver Operating Characteristic Curve);0.929;
19;"Chen, YY; Ke, XL; Min, M; Cheng, P";Disparity in Perceptions of Social Values for Ecosystem Services of Urban Green Space: A Case Study in the East Lake Scenic Area, Wuhan;Future;MaxEnt;AUC-ROC (Area Under the Receiver Operating Characteristic Curve);0.894;
19;"Chen, YY; Ke, XL; Min, M; Cheng, P";Disparity in Perceptions of Social Values for Ecosystem Services of Urban Green Space: A Case Study in the East Lake Scenic Area, Wuhan;Historic;MaxEnt;AUC-ROC (Area Under the Receiver Operating Characteristic Curve);0.941;
19;"Chen, YY; Ke, XL; Min, M; Cheng, P";Disparity in Perceptions of Social Values for Ecosystem Services of Urban Green Space: A Case Study in the East Lake Scenic Area, Wuhan;Intrinsic;MaxEnt;AUC-ROC (Area Under the Receiver Operating Characteristic Curve);0.934;
19;"Chen, YY; Ke, XL; Min, M; Cheng, P";Disparity in Perceptions of Social Values for Ecosystem Services of Urban Green Space: A Case Study in the East Lake Scenic Area, Wuhan;Learning;MaxEnt;AUC-ROC (Area Under the Receiver Operating Characteristic Curve);0.94;
19;"Chen, YY; Ke, XL; Min, M; Cheng, P";Disparity in Perceptions of Social Values for Ecosystem Services of Urban Green Space: A Case Study in the East Lake Scenic Area, Wuhan;Life sustaining;MaxEnt;AUC-ROC (Area Under the Receiver Operating Characteristic Curve);0.849;
19;"Chen, YY; Ke, XL; Min, M; Cheng, P";Disparity in Perceptions of Social Values for Ecosystem Services of Urban Green Space: A Case Study in the East Lake Scenic Area, Wuhan;Recreation;MaxEnt;AUC-ROC (Area Under the Receiver Operating Characteristic Curve);0.92;
19;"Chen, YY; Ke, XL; Min, M; Cheng, P";Disparity in Perceptions of Social Values for Ecosystem Services of Urban Green Space: A Case Study in the East Lake Scenic Area, Wuhan;Spiritual;MaxEnt;AUC-ROC (Area Under the Receiver Operating Characteristic Curve);0.921;
19;"Chen, YY; Ke, XL; Min, M; Cheng, P";Disparity in Perceptions of Social Values for Ecosystem Services of Urban Green Space: A Case Study in the East Lake Scenic Area, Wuhan;Therapeutic;MaxEnt;AUC-ROC (Area Under the Receiver Operating Characteristic Curve);0.799;
20;"Vaz, AS; Gonçalves, JF; Pereira, P; Santarém, F; Vicente, JR; Honrado, JP";Earth observation and social media: Evaluating the spatiotemporal contribution of non-native trees to cultural ecosystem services;Landscape aesthetics;Random effect meta-regression models;AIC (Akaike Information Criterion);2138;
20;"Vaz, AS; Gonçalves, JF; Pereira, P; Santarém, F; Vicente, JR; Honrado, JP";Earth observation and social media: Evaluating the spatiotemporal contribution of non-native trees to cultural ecosystem services;Landscape aesthetics;Random effect meta-regression models;Weight;0.08;0.62
20;"Vaz, AS; Gonçalves, JF; Pereira, P; Santarém, F; Vicente, JR; Honrado, JP";Earth observation and social media: Evaluating the spatiotemporal contribution of non-native trees to cultural ecosystem services;Landscape aesthetics;Random effect meta-regression models;Nagelkerke's deviance;0.08;0.67
20;"Vaz, AS; Gonçalves, JF; Pereira, P; Santarém, F; Vicente, JR; Honrado, JP";Earth observation and social media: Evaluating the spatiotemporal contribution of non-native trees to cultural ecosystem services;Landscape aesthetics;Random effect meta-regression models;Pearson correlation R²;0.36;
20;"Vaz, AS; Gonçalves, JF; Pereira, P; Santarém, F; Vicente, JR; Honrado, JP";Earth observation and social media: Evaluating the spatiotemporal contribution of non-native trees to cultural ecosystem services;Landscape aesthetics and nature recreation;Random effect meta-regression models;AIC (Akaike Information Criterion);2138;
20;"Vaz, AS; Gonçalves, JF; Pereira, P; Santarém, F; Vicente, JR; Honrado, JP";Earth observation and social media: Evaluating the spatiotemporal contribution of non-native trees to cultural ecosystem services;Landscape aesthetics and nature recreation;Random effect meta-regression models;Weight;0.08;0.62
20;"Vaz, AS; Gonçalves, JF; Pereira, P; Santarém, F; Vicente, JR; Honrado, JP";Earth observation and social media: Evaluating the spatiotemporal contribution of non-native trees to cultural ecosystem services;Landscape aesthetics and nature recreation;Random effect meta-regression models;Nagelkerke's deviance;0.08;0.67
20;"Vaz, AS; Gonçalves, JF; Pereira, P; Santarém, F; Vicente, JR; Honrado, JP";Earth observation and social media: Evaluating the spatiotemporal contribution of non-native trees to cultural ecosystem services;Landscape aesthetics and nature recreation;Random effect meta-regression models;Pearson correlation R²;0.36;
20;"Vaz, AS; Gonçalves, JF; Pereira, P; Santarém, F; Vicente, JR; Honrado, JP";Earth observation and social media: Evaluating the spatiotemporal contribution of non-native trees to cultural ecosystem services;Nature recreation;Random effect meta-regression models;AIC (Akaike Information Criterion);2138;
20;"Vaz, AS; Gonçalves, JF; Pereira, P; Santarém, F; Vicente, JR; Honrado, JP";Earth observation and social media: Evaluating the spatiotemporal contribution of non-native trees to cultural ecosystem services;Nature recreation;Random effect meta-regression models;Weight;0.08;0.62
20;"Vaz, AS; Gonçalves, JF; Pereira, P; Santarém, F; Vicente, JR; Honrado, JP";Earth observation and social media: Evaluating the spatiotemporal contribution of non-native trees to cultural ecosystem services;Nature recreation;Random effect meta-regression models;Nagelkerke's deviance;0.08;0.67
20;"Vaz, AS; Gonçalves, JF; Pereira, P; Santarém, F; Vicente, JR; Honrado, JP";Earth observation and social media: Evaluating the spatiotemporal contribution of non-native trees to cultural ecosystem services;Nature recreation;Random effect meta-regression models;Pearson correlation R²;0.36;
145;"Zhang, JX; He, CY; Huang, QX; Li, J; Qi, T";Evaluating the supply and demand of cultural ecosystem services in the Tibetan Plateau of China;Aesthetic;MaxEnt;AUC-ROC (Area Under the Receiver Operating Characteristic Curve);0.88;
145;"Zhang, JX; He, CY; Huang, QX; Li, J; Qi, T";Evaluating the supply and demand of cultural ecosystem services in the Tibetan Plateau of China;Historic and cultural;MaxEnt;AUC-ROC (Area Under the Receiver Operating Characteristic Curve);0.96;
145;"Zhang, JX; He, CY; Huang, QX; Li, J; Qi, T";Evaluating the supply and demand of cultural ecosystem services in the Tibetan Plateau of China;Recreational and therapeutic;MaxEnt;AUC-ROC (Area Under the Receiver Operating Characteristic Curve);0.94;
21;"Cao, HJ; Wang, M; Su, SL; Kang, MJ";Explicit quantification of coastal cultural ecosystem services: A novel approach based on the content and sentimental analysis of social media;Aesthetic;Multivariate regression;Undefined;;
21;"Cao, HJ; Wang, M; Su, SL; Kang, MJ";Explicit quantification of coastal cultural ecosystem services: A novel approach based on the content and sentimental analysis of social media;Aesthetic;Logistic regression;Undefined;;
21;"Cao, HJ; Wang, M; Su, SL; Kang, MJ";Explicit quantification of coastal cultural ecosystem services: A novel approach based on the content and sentimental analysis of social media;Amenity;Multivariate regression;Undefined;;
21;"Cao, HJ; Wang, M; Su, SL; Kang, MJ";Explicit quantification of coastal cultural ecosystem services: A novel approach based on the content and sentimental analysis of social media;Amenity;Logistic regression;Undefined;;
21;"Cao, HJ; Wang, M; Su, SL; Kang, MJ";Explicit quantification of coastal cultural ecosystem services: A novel approach based on the content and sentimental analysis of social media;Knowledge;Multivariate regression;Undefined;;
21;"Cao, HJ; Wang, M; Su, SL; Kang, MJ";Explicit quantification of coastal cultural ecosystem services: A novel approach based on the content and sentimental analysis of social media;Knowledge;Logistic regression;Undefined;;
21;"Cao, HJ; Wang, M; Su, SL; Kang, MJ";Explicit quantification of coastal cultural ecosystem services: A novel approach based on the content and sentimental analysis of social media;Naturalistic;Multivariate regression;Undefined;;
21;"Cao, HJ; Wang, M; Su, SL; Kang, MJ";Explicit quantification of coastal cultural ecosystem services: A novel approach based on the content and sentimental analysis of social media;Naturalistic;Logistic regression;Undefined;;
21;"Cao, HJ; Wang, M; Su, SL; Kang, MJ";Explicit quantification of coastal cultural ecosystem services: A novel approach based on the content and sentimental analysis of social media;Recreational;Multivariate regression;Undefined;;
21;"Cao, HJ; Wang, M; Su, SL; Kang, MJ";Explicit quantification of coastal cultural ecosystem services: A novel approach based on the content and sentimental analysis of social media;Recreational;Logistic regression;Undefined;;
21;"Cao, HJ; Wang, M; Su, SL; Kang, MJ";Explicit quantification of coastal cultural ecosystem services: A novel approach based on the content and sentimental analysis of social media;Spiritual;Multivariate regression;Undefined;;
21;"Cao, HJ; Wang, M; Su, SL; Kang, MJ";Explicit quantification of coastal cultural ecosystem services: A novel approach based on the content and sentimental analysis of social media;Spiritual;Logistic regression;Undefined;;
22;"Zhao, WQ; Wang, Y; Chen, D; Wang, L; Tang, XM";Exploring the Influencing Factors of the Recreational Utilization and Evaluation of Urban Ecological Protection Green Belts for Urban Renewal: A Case Study in Shanghai;recreation;Logarithmic model;R² (Coefficient of Determination);0.533;
22;"Zhao, WQ; Wang, Y; Chen, D; Wang, L; Tang, XM";Exploring the Influencing Factors of the Recreational Utilization and Evaluation of Urban Ecological Protection Green Belts for Urban Renewal: A Case Study in Shanghai;recreation;Dual Logarithmic model;R² (Coefficient of Determination);0.533;
23;"Fox, N; Graham, LJ; Eigenbrod, F; Bullock, JM; Parks, KE";Geodiversity Supports Cultural Ecosystem Services: an Assessment Using Social Media;Recreation;Generalized Linear Model;TSS (True Skill Statistic);0.55;0.75
23;"Fox, N; Graham, LJ; Eigenbrod, F; Bullock, JM; Parks, KE";Geodiversity Supports Cultural Ecosystem Services: an Assessment Using Social Media;Recreation;Generalized Additive Model;TSS (True Skill Statistic);0.55;0.75
23;"Fox, N; Graham, LJ; Eigenbrod, F; Bullock, JM; Parks, KE";Geodiversity Supports Cultural Ecosystem Services: an Assessment Using Social Media;Recreation;Generalized Boosting Model;TSS (True Skill Statistic);0.55;0.75
23;"Fox, N; Graham, LJ; Eigenbrod, F; Bullock, JM; Parks, KE";Geodiversity Supports Cultural Ecosystem Services: an Assessment Using Social Media;Recreation;Classification Tree Analysis;TSS (True Skill Statistic);0.55;0.75
23;"Fox, N; Graham, LJ; Eigenbrod, F; Bullock, JM; Parks, KE";Geodiversity Supports Cultural Ecosystem Services: an Assessment Using Social Media;Recreation;Artificial Neural Network;TSS (True Skill Statistic);0.55;0.75
23;"Fox, N; Graham, LJ; Eigenbrod, F; Bullock, JM; Parks, KE";Geodiversity Supports Cultural Ecosystem Services: an Assessment Using Social Media;Recreation;Surface Range Envelop;TSS (True Skill Statistic);0.55;0.75
23;"Fox, N; Graham, LJ; Eigenbrod, F; Bullock, JM; Parks, KE";Geodiversity Supports Cultural Ecosystem Services: an Assessment Using Social Media;Recreation;Flexible Discriminant Analysis;TSS (True Skill Statistic);0.55;0.75
23;"Fox, N; Graham, LJ; Eigenbrod, F; Bullock, JM; Parks, KE";Geodiversity Supports Cultural Ecosystem Services: an Assessment Using Social Media;Recreation;Multiple Adaptive Regression Splines;TSS (True Skill Statistic);0.55;0.75
23;"Fox, N; Graham, LJ; Eigenbrod, F; Bullock, JM; Parks, KE";Geodiversity Supports Cultural Ecosystem Services: an Assessment Using Social Media;Recreation;Random Forest;TSS (True Skill Statistic);0.55;0.75
23;"Fox, N; Graham, LJ; Eigenbrod, F; Bullock, JM; Parks, KE";Geodiversity Supports Cultural Ecosystem Services: an Assessment Using Social Media;Recreation;MaxEnt;TSS (True Skill Statistic);0.55;0.75
23;"Fox, N; Graham, LJ; Eigenbrod, F; Bullock, JM; Parks, KE";Geodiversity Supports Cultural Ecosystem Services: an Assessment Using Social Media;Recreation;Generalized Linear Model;AUC-ROC (Area Under the Receiver Operating Characteristic Curve);0.8;0.98
23;"Fox, N; Graham, LJ; Eigenbrod, F; Bullock, JM; Parks, KE";Geodiversity Supports Cultural Ecosystem Services: an Assessment Using Social Media;Recreation;Generalized Additive Model;AUC-ROC (Area Under the Receiver Operating Characteristic Curve);0.8;0.98
23;"Fox, N; Graham, LJ; Eigenbrod, F; Bullock, JM; Parks, KE";Geodiversity Supports Cultural Ecosystem Services: an Assessment Using Social Media;Recreation;Generalized Boosting Model;AUC-ROC (Area Under the Receiver Operating Characteristic Curve);0.8;0.98
23;"Fox, N; Graham, LJ; Eigenbrod, F; Bullock, JM; Parks, KE";Geodiversity Supports Cultural Ecosystem Services: an Assessment Using Social Media;Recreation;Classification Tree Analysis;AUC-ROC (Area Under the Receiver Operating Characteristic Curve);0.8;0.98
23;"Fox, N; Graham, LJ; Eigenbrod, F; Bullock, JM; Parks, KE";Geodiversity Supports Cultural Ecosystem Services: an Assessment Using Social Media;Recreation;Artificial Neural Network;AUC-ROC (Area Under the Receiver Operating Characteristic Curve);0.8;0.98
23;"Fox, N; Graham, LJ; Eigenbrod, F; Bullock, JM; Parks, KE";Geodiversity Supports Cultural Ecosystem Services: an Assessment Using Social Media;Recreation;Surface Range Envelop;AUC-ROC (Area Under the Receiver Operating Characteristic Curve);0.8;0.98
23;"Fox, N; Graham, LJ; Eigenbrod, F; Bullock, JM; Parks, KE";Geodiversity Supports Cultural Ecosystem Services: an Assessment Using Social Media;Recreation;Flexible Discriminant Analysis;AUC-ROC (Area Under the Receiver Operating Characteristic Curve);0.8;0.98
23;"Fox, N; Graham, LJ; Eigenbrod, F; Bullock, JM; Parks, KE";Geodiversity Supports Cultural Ecosystem Services: an Assessment Using Social Media;Recreation;Multiple Adaptive Regression Splines;AUC-ROC (Area Under the Receiver Operating Characteristic Curve);0.8;0.98
23;"Fox, N; Graham, LJ; Eigenbrod, F; Bullock, JM; Parks, KE";Geodiversity Supports Cultural Ecosystem Services: an Assessment Using Social Media;Recreation;Random Forest;AUC-ROC (Area Under the Receiver Operating Characteristic Curve);0.8;0.98
23;"Fox, N; Graham, LJ; Eigenbrod, F; Bullock, JM; Parks, KE";Geodiversity Supports Cultural Ecosystem Services: an Assessment Using Social Media;Recreation;MaxEnt;AUC-ROC (Area Under the Receiver Operating Characteristic Curve);0.8;0.98
23;"Fox, N; Graham, LJ; Eigenbrod, F; Bullock, JM; Parks, KE";Geodiversity Supports Cultural Ecosystem Services: an Assessment Using Social Media;Recreation;Generalized Linear Model;Kappa;0.5;0.62
23;"Fox, N; Graham, LJ; Eigenbrod, F; Bullock, JM; Parks, KE";Geodiversity Supports Cultural Ecosystem Services: an Assessment Using Social Media;Recreation;Generalized Additive Model;Kappa;0.5;0.62
23;"Fox, N; Graham, LJ; Eigenbrod, F; Bullock, JM; Parks, KE";Geodiversity Supports Cultural Ecosystem Services: an Assessment Using Social Media;Recreation;Generalized Boosting Model;Kappa;0.5;0.62
23;"Fox, N; Graham, LJ; Eigenbrod, F; Bullock, JM; Parks, KE";Geodiversity Supports Cultural Ecosystem Services: an Assessment Using Social Media;Recreation;Classification Tree Analysis;Kappa;0.5;0.62
23;"Fox, N; Graham, LJ; Eigenbrod, F; Bullock, JM; Parks, KE";Geodiversity Supports Cultural Ecosystem Services: an Assessment Using Social Media;Recreation;Artificial Neural Network;Kappa;0.5;0.62
23;"Fox, N; Graham, LJ; Eigenbrod, F; Bullock, JM; Parks, KE";Geodiversity Supports Cultural Ecosystem Services: an Assessment Using Social Media;Recreation;Surface Range Envelop;Kappa;0.5;0.62
23;"Fox, N; Graham, LJ; Eigenbrod, F; Bullock, JM; Parks, KE";Geodiversity Supports Cultural Ecosystem Services: an Assessment Using Social Media;Recreation;Flexible Discriminant Analysis;Kappa;0.5;0.62
23;"Fox, N; Graham, LJ; Eigenbrod, F; Bullock, JM; Parks, KE";Geodiversity Supports Cultural Ecosystem Services: an Assessment Using Social Media;Recreation;Multiple Adaptive Regression Splines;Kappa;0.5;0.62
23;"Fox, N; Graham, LJ; Eigenbrod, F; Bullock, JM; Parks, KE";Geodiversity Supports Cultural Ecosystem Services: an Assessment Using Social Media;Recreation;Random Forest;Kappa;0.5;0.62
23;"Fox, N; Graham, LJ; Eigenbrod, F; Bullock, JM; Parks, KE";Geodiversity Supports Cultural Ecosystem Services: an Assessment Using Social Media;Recreation;MaxEnt;Kappa;0.5;0.62
403;"Hamstead Z.A.; Fisher D.; Ilieva R.T.; Wood S.A.; McPhearson T.; Kremer P.";Geolocated social media as a rapid indicator of park visitation and equitable park access;recreation;Negative Binomial Regression;R² (Coefficient of Determination);0.12;0.42
403;"Hamstead Z.A.; Fisher D.; Ilieva R.T.; Wood S.A.; McPhearson T.; Kremer P.";Geolocated social media as a rapid indicator of park visitation and equitable park access;recreation;Logistic Regression;R² (Coefficient of Determination);0.12;0.42
403;"Hamstead Z.A.; Fisher D.; Ilieva R.T.; Wood S.A.; McPhearson T.; Kremer P.";Geolocated social media as a rapid indicator of park visitation and equitable park access;recreation;Simple Linear Regression;R² (Coefficient of Determination);0.12;0.42
24;"Vigl, LE; Marsoner, T; Giombini, V; Pecher, C; Simion, H; Stemle, E; Tasser, E; Depellegrin, D";Harnessing artificial intelligence technology and social media data to support Cultural Ecosystem Service assessments;Aesthetic value;MaxEnt;AUC-ROC (Area Under the Receiver Operating Characteristic Curve);0.84;
24;"Vigl, LE; Marsoner, T; Giombini, V; Pecher, C; Simion, H; Stemle, E; Tasser, E; Depellegrin, D";Harnessing artificial intelligence technology and social media data to support Cultural Ecosystem Service assessments;Cultural heritage;MaxEnt;AUC-ROC (Area Under the Receiver Operating Characteristic Curve);0.9;
24;"Vigl, LE; Marsoner, T; Giombini, V; Pecher, C; Simion, H; Stemle, E; Tasser, E; Depellegrin, D";Harnessing artificial intelligence technology and social media data to support Cultural Ecosystem Service assessments;Outdoor recreation;MaxEnt;AUC-ROC (Area Under the Receiver Operating Characteristic Curve);0.81;
24;"Vigl, LE; Marsoner, T; Giombini, V; Pecher, C; Simion, H; Stemle, E; Tasser, E; Depellegrin, D";Harnessing artificial intelligence technology and social media data to support Cultural Ecosystem Service assessments;Symbolic species;MaxEnt;AUC-ROC (Area Under the Receiver Operating Characteristic Curve);0.85;
408;"Cheng Y.; Browning M.H.E.M.; Zhao B.; Qiu B.; Wang H.; Zhang J.";How can urban green space be planned for a ‘happy city’? Evidence from overhead- to eye-level green exposure metrics;Expressed happiness;Simple Linear Regression;AIC (Akaike Information Criterion);-597;-616
408;"Cheng Y.; Browning M.H.E.M.; Zhao B.; Qiu B.; Wang H.; Zhang J.";How can urban green space be planned for a ‘happy city’? Evidence from overhead- to eye-level green exposure metrics;Expressed happiness;Simple Linear Regression;Likelihood Ratio;2.42;
408;"Cheng Y.; Browning M.H.E.M.; Zhao B.; Qiu B.; Wang H.; Zhang J.";How can urban green space be planned for a ‘happy city’? Evidence from overhead- to eye-level green exposure metrics;Expressed happiness;Simple Linear Regression;R² (Coefficient of Determination);0.053;0.08
25;"Wang, YA; Shi, XX; Cheng, KJ; Zhang, JK; Chang, Q";How do urban park features affect cultural ecosystem services: Quantified evidence for design practices;Aesthetic value;Structural Equations Models;R² (Coefficient of Determination);0.499;
25;"Wang, YA; Shi, XX; Cheng, KJ; Zhang, JK; Chang, Q";How do urban park features affect cultural ecosystem services: Quantified evidence for design practices;Recreation value;Structural Equations Models;R² (Coefficient of Determination);0.469;
25;"Wang, YA; Shi, XX; Cheng, KJ; Zhang, JK; Chang, Q";How do urban park features affect cultural ecosystem services: Quantified evidence for design practices;Social interaction value;Structural Equations Models;R² (Coefficient of Determination);0.561;
411;"You S.; Zheng Q.; Chen B.; Xu Z.; Lin Y.; Gan M.; Zhu C.; Deng J.; Wang K.";Identifying the spatiotemporal dynamics of forest ecotourism values with remotely sensed images and social media data: A perspective of public preferences;forest ecotourism;MaxEnt;AUC-ROC (Area Under the Receiver Operating Characteristic Curve);0.88;0.89
26;"Li, C; Liang, QF; Lin, BD; Zhai, J";Landscape management and planning as a spatial organization method connecting CES supply-demand assessment and sustainable tourism development;Aesthetic;MaxEnt;AUC-ROC (Area Under the Receiver Operating Characteristic Curve);0.873;
26;"Li, C; Liang, QF; Lin, BD; Zhai, J";Landscape management and planning as a spatial organization method connecting CES supply-demand assessment and sustainable tourism development;Historical and cultural;MaxEnt;AUC-ROC (Area Under the Receiver Operating Characteristic Curve);0.907;
26;"Li, C; Liang, QF; Lin, BD; Zhai, J";Landscape management and planning as a spatial organization method connecting CES supply-demand assessment and sustainable tourism development;Leisure services;MaxEnt;AUC-ROC (Area Under the Receiver Operating Characteristic Curve);0.871;
27;"Cunha, J; Elliott, M; Ramos, S";Linking modelling and empirical data to assess recreation services provided by coastal habitats: The case of NW Portugal;recreation and tourism;Simple Linear Regression;R² (Coefficient of Determination);0.44;0.55
28;"Manley, K; Egoh, BN";Mapping and modeling the impact of climate change on recreational ecosystem services using machine learning and big data;recreational ecosystem service;Random Forest;R² (Coefficient of Determination);0.924;
28;"Manley, K; Egoh, BN";Mapping and modeling the impact of climate change on recreational ecosystem services using machine learning and big data;recreational ecosystem service;Random Forest;"Pearson correlation
 coefficient";0.924;
29;"Arslan, ES; Örücü, ÖK";MaxEnt modelling of the potential distribution areas of cultural ecosystem services using social media data and GIS;Aesthetic;MaxEnt;AUC-ROC (Area Under the Receiver Operating Characteristic Curve);0.912;
29;"Arslan, ES; Örücü, ÖK";MaxEnt modelling of the potential distribution areas of cultural ecosystem services using social media data and GIS;Cultural heritage;MaxEnt;AUC-ROC (Area Under the Receiver Operating Characteristic Curve);0.914;
29;"Arslan, ES; Örücü, ÖK";MaxEnt modelling of the potential distribution areas of cultural ecosystem services using social media data and GIS;Recreational;MaxEnt;AUC-ROC (Area Under the Receiver Operating Characteristic Curve);0.919;
29;"Arslan, ES; Örücü, ÖK";MaxEnt modelling of the potential distribution areas of cultural ecosystem services using social media data and GIS;Spiritual and religious values;MaxEnt;AUC-ROC (Area Under the Receiver Operating Characteristic Curve);0.999;
30;"Zhao, QQ; Chen, Y; Gone, KP; Wells, E; Margeson, K; Sherren, K";Modelling cultural ecosystem services in agricultural dykelands and tidal wetlands to inform coastal infrastructure decisions: A social media data approach;Aesthetics;MaxEnt;Undefined;;
30;"Zhao, QQ; Chen, Y; Gone, KP; Wells, E; Margeson, K; Sherren, K";Modelling cultural ecosystem services in agricultural dykelands and tidal wetlands to inform coastal infrastructure decisions: A social media data approach;Cultural heritage/diversity;MaxEnt;Undefined;;
30;"Zhao, QQ; Chen, Y; Gone, KP; Wells, E; Margeson, K; Sherren, K";Modelling cultural ecosystem services in agricultural dykelands and tidal wetlands to inform coastal infrastructure decisions: A social media data approach;Education and knowledge systems;MaxEnt;Undefined;;
30;"Zhao, QQ; Chen, Y; Gone, KP; Wells, E; Margeson, K; Sherren, K";Modelling cultural ecosystem services in agricultural dykelands and tidal wetlands to inform coastal infrastructure decisions: A social media data approach;Inspiration and art;MaxEnt;Undefined;;
30;"Zhao, QQ; Chen, Y; Gone, KP; Wells, E; Margeson, K; Sherren, K";Modelling cultural ecosystem services in agricultural dykelands and tidal wetlands to inform coastal infrastructure decisions: A social media data approach;Recreation and tourism;MaxEnt;Undefined;;
30;"Zhao, QQ; Chen, Y; Gone, KP; Wells, E; Margeson, K; Sherren, K";Modelling cultural ecosystem services in agricultural dykelands and tidal wetlands to inform coastal infrastructure decisions: A social media data approach;Sense of place and terroir;MaxEnt;Undefined;;
30;"Zhao, QQ; Chen, Y; Gone, KP; Wells, E; Margeson, K; Sherren, K";Modelling cultural ecosystem services in agricultural dykelands and tidal wetlands to inform coastal infrastructure decisions: A social media data approach;Social relations and relational values;MaxEnt;Undefined;;
30;"Zhao, QQ; Chen, Y; Gone, KP; Wells, E; Margeson, K; Sherren, K";Modelling cultural ecosystem services in agricultural dykelands and tidal wetlands to inform coastal infrastructure decisions: A social media data approach;Spiritual;MaxEnt;Undefined;;
31;"Li, T; Xiang, ZY; Li, YF";POIs-based public preferences mapping on imbalanced supply-demand of recreation services can support sustainable coastal beach management;beach recreation services;Random Forest;MSE(Mean Square Error);;
444;"Kim Y.; Kim C.-K.; Lee D.K.; Lee H.-W.; Andrada R.I.T.";Quantifying nature-based tourism in protected areas in developing countries by using social big data;Tourism;Geographic Weighted Regression;R² (Coefficient of Determination);;
444;"Kim Y.; Kim C.-K.; Lee D.K.; Lee H.-W.; Andrada R.I.T.";Quantifying nature-based tourism in protected areas in developing countries by using social big data;Tourism;Geographic Weighted Regression;Regression coefficients;;
32;"Van Berkel, DB; Tabrizian, P; Dorning, MA; Smart, L; Newcomb, D; Mehaffey, M; Neale, A; Meentemeyer, RK";Quantifying the visual-sensory landscape qualities that contribute to cultural ecosystem services using social media and LiDAR;Historical monuments and coastal attractions;Negative binomial regression;McFadden pseudo R²;0.312;
32;"Van Berkel, DB; Tabrizian, P; Dorning, MA; Smart, L; Newcomb, D; Mehaffey, M; Neale, A; Meentemeyer, RK";Quantifying the visual-sensory landscape qualities that contribute to cultural ecosystem services using social media and LiDAR;Historical monuments and coastal attractions;Negative binomial regression;Nagelkerke pseudo R²;0.72;
32;"Van Berkel, DB; Tabrizian, P; Dorning, MA; Smart, L; Newcomb, D; Mehaffey, M; Neale, A; Meentemeyer, RK";Quantifying the visual-sensory landscape qualities that contribute to cultural ecosystem services using social media and LiDAR;Historical monuments and coastal attractions;Negative binomial regression;AIC (Akaike Information Criterion);855088;
32;"Van Berkel, DB; Tabrizian, P; Dorning, MA; Smart, L; Newcomb, D; Mehaffey, M; Neale, A; Meentemeyer, RK";Quantifying the visual-sensory landscape qualities that contribute to cultural ecosystem services using social media and LiDAR;Outdoor activities;Negative binomial regression;McFadden pseudo R²;0.312;
32;"Van Berkel, DB; Tabrizian, P; Dorning, MA; Smart, L; Newcomb, D; Mehaffey, M; Neale, A; Meentemeyer, RK";Quantifying the visual-sensory landscape qualities that contribute to cultural ecosystem services using social media and LiDAR;Outdoor activities;Negative binomial regression;Nagelkerke pseudo R²;0.72;
32;"Van Berkel, DB; Tabrizian, P; Dorning, MA; Smart, L; Newcomb, D; Mehaffey, M; Neale, A; Meentemeyer, RK";Quantifying the visual-sensory landscape qualities that contribute to cultural ecosystem services using social media and LiDAR;Outdoor activities;Negative binomial regression;AIC (Akaike Information Criterion);855088;
32;"Van Berkel, DB; Tabrizian, P; Dorning, MA; Smart, L; Newcomb, D; Mehaffey, M; Neale, A; Meentemeyer, RK";Quantifying the visual-sensory landscape qualities that contribute to cultural ecosystem services using social media and LiDAR;Plants or animals;Negative binomial regression;McFadden pseudo R²;0.312;
32;"Van Berkel, DB; Tabrizian, P; Dorning, MA; Smart, L; Newcomb, D; Mehaffey, M; Neale, A; Meentemeyer, RK";Quantifying the visual-sensory landscape qualities that contribute to cultural ecosystem services using social media and LiDAR;Plants or animals;Negative binomial regression;Nagelkerke pseudo R²;0.72;
32;"Van Berkel, DB; Tabrizian, P; Dorning, MA; Smart, L; Newcomb, D; Mehaffey, M; Neale, A; Meentemeyer, RK";Quantifying the visual-sensory landscape qualities that contribute to cultural ecosystem services using social media and LiDAR;Plants or animals;Negative binomial regression;AIC (Akaike Information Criterion);855088;
32;"Van Berkel, DB; Tabrizian, P; Dorning, MA; Smart, L; Newcomb, D; Mehaffey, M; Neale, A; Meentemeyer, RK";Quantifying the visual-sensory landscape qualities that contribute to cultural ecosystem services using social media and LiDAR;Sunset/sunrise and weather phenomena;Negative binomial regression;McFadden pseudo R²;0.312;
32;"Van Berkel, DB; Tabrizian, P; Dorning, MA; Smart, L; Newcomb, D; Mehaffey, M; Neale, A; Meentemeyer, RK";Quantifying the visual-sensory landscape qualities that contribute to cultural ecosystem services using social media and LiDAR;Sunset/sunrise and weather phenomena;Negative binomial regression;Nagelkerke pseudo R²;0.72;
32;"Van Berkel, DB; Tabrizian, P; Dorning, MA; Smart, L; Newcomb, D; Mehaffey, M; Neale, A; Meentemeyer, RK";Quantifying the visual-sensory landscape qualities that contribute to cultural ecosystem services using social media and LiDAR;Sunset/sunrise and weather phenomena;Negative binomial regression;AIC (Akaike Information Criterion);855088;
33;"Mancini, F; Coghill, GM; Lusseau, D";Quantifying wildlife watchers' preferences to investigate the overlap between recreational and conservation value of natural areas;Recreation;Multiple linear regression;AIC (Akaike Information Criterion);;
34;"Sinclair, M; Ghermandi, A; Moses, SA; Joseph, S";Recreation and environmental quality of tropical wetlands: A social media based spatial analysis;recreation;Negative binomial regression;Log Likelihood;-344.4;
34;"Sinclair, M; Ghermandi, A; Moses, SA; Joseph, S";Recreation and environmental quality of tropical wetlands: A social media based spatial analysis;recreation;Negative binomial regression;Adjusted Log Likelihood;-372.2;
34;"Sinclair, M; Ghermandi, A; Moses, SA; Joseph, S";Recreation and environmental quality of tropical wetlands: A social media based spatial analysis;recreation;Negative binomial regression;AIC (Akaike Information Criterion);-704.8;
35;"Schirpke, U; Meisch, C; Marsoner, T; Tappeiner, U";Revealing spatial and temporal patterns of outdoor recreation in the European Alps and their surroundings;Outdoor recreation;Geographic Weighted Regression;Adjusted R²;0.73;
35;"Schirpke, U; Meisch, C; Marsoner, T; Tappeiner, U";Revealing spatial and temporal patterns of outdoor recreation in the European Alps and their surroundings;Outdoor recreation;Geographic Weighted Regression;R² (Coefficient of Determination);0.8;
35;"Schirpke, U; Meisch, C; Marsoner, T; Tappeiner, U";Revealing spatial and temporal patterns of outdoor recreation in the European Alps and their surroundings;Outdoor recreation;Geographic Weighted Regression;AIC (Akaike Information Criterion);48848;
36;"Graham, LJ; Eigenbrod, F";Scale dependency in drivers of outdoor recreation in England;Outdoor recreation;Generalized Linear Model;AIC (Akaike Information Criterion);519;19000
36;"Graham, LJ; Eigenbrod, F";Scale dependency in drivers of outdoor recreation in England;Outdoor recreation;Generalized Linear Model;deviance explained (D2);28;36
37;"Huang, ST; Xiao, X; Tian, T; Che, Y";Seasonal influences on preferences for urban blue-green spaces: Integrating land surface temperature into the assessment of cultural ecosystem service value;aesthetic and recreational values;MaxEnt;Gain ;;
37;"Huang, ST; Xiao, X; Tian, T; Che, Y";Seasonal influences on preferences for urban blue-green spaces: Integrating land surface temperature into the assessment of cultural ecosystem service value;aesthetic and recreational values;MaxEnt;Gain ;;
38;"Goldspiel, H; Barr, B; Badding, J; Kuehn, D";Snapshots of Nature-Based Recreation Across Rural Landscapes: Insights from Geotagged Photographs in the Northeastern United States;Nature-based recreation;Random Forest;Sensitivity and Specificity;0.57;0.97
38;"Goldspiel, H; Barr, B; Badding, J; Kuehn, D";Snapshots of Nature-Based Recreation Across Rural Landscapes: Insights from Geotagged Photographs in the Northeastern United States;Nature-based recreation;Random Forest;Accuracy;0.7;0.96
39;"Havinga, I; Marcos, D; Bogaart, PW; Hein, L; Tuia, D";Social media and deep learning capture the aesthetic quality of the landscape;aesthetic;Random Forest;RMSE (Root Mean Squared Error);0.525;0.639
39;"Havinga, I; Marcos, D; Bogaart, PW; Hein, L; Tuia, D";Social media and deep learning capture the aesthetic quality of the landscape;aesthetic;Random Forest;R² (Coefficient of Determination);0.65;0.77
40;"Havinga, I; Marcos, D; Bogaart, P; Massimino, D; Hein, L; Tuia, D";Social media and deep learning reveal specific cultural preferences for biodiversity;Cultural preferences for biodiversity;Generalized Additive Model;Undefined;;
41;"Neill, AM; O'Donoghue, C; Stout, JC";Spatial analysis of cultural ecosystem services using data from social media: A guide to model selection for research and practice;Recreation;Global regression;AUC-ROC (Area Under the Receiver Operating Characteristic Curve);0.839;0.9
41;"Neill, AM; O'Donoghue, C; Stout, JC";Spatial analysis of cultural ecosystem services using data from social media: A guide to model selection for research and practice;Recreation;Logistic geographic weighted regression;AUC-ROC (Area Under the Receiver Operating Characteristic Curve);0.839;0.9
41;"Neill, AM; O'Donoghue, C; Stout, JC";Spatial analysis of cultural ecosystem services using data from social media: A guide to model selection for research and practice;Recreation;MaxEnt;AUC-ROC (Area Under the Receiver Operating Characteristic Curve);0.839;0.9
41;"Neill, AM; O'Donoghue, C; Stout, JC";Spatial analysis of cultural ecosystem services using data from social media: A guide to model selection for research and practice;Recreation;Simple Linear Regression;AUC-ROC (Area Under the Receiver Operating Characteristic Curve);0.839;0.9
41;"Neill, AM; O'Donoghue, C; Stout, JC";Spatial analysis of cultural ecosystem services using data from social media: A guide to model selection for research and practice;Recreation;Global regression;AIC (Akaike Information Criterion);1518;6178
41;"Neill, AM; O'Donoghue, C; Stout, JC";Spatial analysis of cultural ecosystem services using data from social media: A guide to model selection for research and practice;Recreation;Logistic geographic weighted regression;AIC (Akaike Information Criterion);1518;6178
41;"Neill, AM; O'Donoghue, C; Stout, JC";Spatial analysis of cultural ecosystem services using data from social media: A guide to model selection for research and practice;Recreation;MaxEnt;AIC (Akaike Information Criterion);1518;6178
41;"Neill, AM; O'Donoghue, C; Stout, JC";Spatial analysis of cultural ecosystem services using data from social media: A guide to model selection for research and practice;Recreation;Simple Linear Regression;AIC (Akaike Information Criterion);1518;6178
42;"Sonter, LJ; Watson, KB; Wood, SA; Ricketts, TH";Spatial and Temporal Dynamics and Value of Nature-Based Recreation, Estimated via Social Media;opportunities for nature-based recreation;Multiple linear regression;R² (Coefficient of Determination);0.29;0.43
43;"Fisher, DM; Wood, SA; Roh, YH; Kim, CK";The Geographic Spread and Preferences of Tourists Revealed by User-Generated Information on Jeju Island, South Korea;recreation and tourism;Multivariate linear regression;R² (Coefficient of Determination);0.29;0.43
44;"Sottini, VA; Barbierato, E; Bernetti, I; Capecchi, I; Fabbrizzi, S; Menghini, S";The use of crowdsourced geographic information for spatial evaluation of cultural ecosystem services in the agricultural landscape the case of Chianti Classico (Italy);CESs provided by viticultural landscapes;Random Forest;pseudo R²;0.89;
45;"Li, YJ; Xie, L; Zhang, L; Huang, LY; Lin, Y; Su, Y; AmirReza, S; He, S; Zhu, CM; Li, SA; Gan, MY; Huang, L; Wang, K; Zhang, J; Chen, XM";Understanding different cultural ecosystem services: An exploration of rural landscape preferences based on geographic and social media data;Rural landscapes;Random Forest;Undefined;;
46;"Huang, ST; Tian, T; Zhai, LG; Deng, LZ; Che, Y";Understanding the dynamic changes in wetland cultural ecosystem services: Integrating annual social media data into the SolVES;aesthetic value;MaxEnt;Undefined;;
46;"Huang, ST; Tian, T; Zhai, LG; Deng, LZ; Che, Y";Understanding the dynamic changes in wetland cultural ecosystem services: Integrating annual social media data into the SolVES;historic value;MaxEnt;Undefined;;
46;"Huang, ST; Tian, T; Zhai, LG; Deng, LZ; Che, Y";Understanding the dynamic changes in wetland cultural ecosystem services: Integrating annual social media data into the SolVES;recreational value;MaxEnt;Undefined;;
47;"Muñoz, L; Hausner, VH; Runge, C; Brown, G; Daigle, R";Using crowdsourced spatial data from Flickr vs. PPGIS for understanding nature's contribution to people in Southern Norway;Biological diversity;MaxEnt;Undefined;;
47;"Muñoz, L; Hausner, VH; Runge, C; Brown, G; Daigle, R";Using crowdsourced spatial data from Flickr vs. PPGIS for understanding nature's contribution to people in Southern Norway;Recreation value;MaxEnt;Undefined;;
47;"Muñoz, L; Hausner, VH; Runge, C; Brown, G; Daigle, R";Using crowdsourced spatial data from Flickr vs. PPGIS for understanding nature's contribution to people in Southern Norway;Scenic value;MaxEnt;Undefined;;
47;"Muñoz, L; Hausner, VH; Runge, C; Brown, G; Daigle, R";Using crowdsourced spatial data from Flickr vs. PPGIS for understanding nature's contribution to people in Southern Norway;Social value;MaxEnt;Undefined;;
48;"Richards, DR; Tunçer, B";Using image recognition to automate assessment of cultural ecosystem services from social media photographs;Recreation;MaxEnt;AUC-ROC (Area Under the Receiver Operating Characteristic Curve);0.85;0.89
524;"da Silva, C; Pascoal, C; Pace, G; Vaz, AS; Carvalho-Santos, C";Using social media and citizen science to assess cultural ecosystem services along riverine landscapes;Biodiversity;Simple Linear Regression;AIC (Akaike Information Criterion);1561;1638
524;"da Silva, C; Pascoal, C; Pace, G; Vaz, AS; Carvalho-Santos, C";Using social media and citizen science to assess cultural ecosystem services along riverine landscapes;Biodiversity;Simple Linear Regression;Weight;0.25;0.57
524;"da Silva, C; Pascoal, C; Pace, G; Vaz, AS; Carvalho-Santos, C";Using social media and citizen science to assess cultural ecosystem services along riverine landscapes;Biodiversity;Simple Linear Regression;deviance explained (D2);0.47;
524;"da Silva, C; Pascoal, C; Pace, G; Vaz, AS; Carvalho-Santos, C";Using social media and citizen science to assess cultural ecosystem services along riverine landscapes;Historical heritage;Simple Linear Regression;AIC (Akaike Information Criterion);40;420
524;"da Silva, C; Pascoal, C; Pace, G; Vaz, AS; Carvalho-Santos, C";Using social media and citizen science to assess cultural ecosystem services along riverine landscapes;Historical heritage;Simple Linear Regression;Weight;0.1;0.47
524;"da Silva, C; Pascoal, C; Pace, G; Vaz, AS; Carvalho-Santos, C";Using social media and citizen science to assess cultural ecosystem services along riverine landscapes;Historical heritage;Simple Linear Regression;deviance explained (D2);0.08;0.77
524;"da Silva, C; Pascoal, C; Pace, G; Vaz, AS; Carvalho-Santos, C";Using social media and citizen science to assess cultural ecosystem services along riverine landscapes;Landscape;Simple Linear Regression;AIC (Akaike Information Criterion);634;
524;"da Silva, C; Pascoal, C; Pace, G; Vaz, AS; Carvalho-Santos, C";Using social media and citizen science to assess cultural ecosystem services along riverine landscapes;Landscape;Simple Linear Regression;Weight;0.33;
524;"da Silva, C; Pascoal, C; Pace, G; Vaz, AS; Carvalho-Santos, C";Using social media and citizen science to assess cultural ecosystem services along riverine landscapes;Landscape;Simple Linear Regression;deviance explained (D2);0.62;
524;"da Silva, C; Pascoal, C; Pace, G; Vaz, AS; Carvalho-Santos, C";Using social media and citizen science to assess cultural ecosystem services along riverine landscapes;Recreation/river beaches;Simple Linear Regression;AIC (Akaike Information Criterion);521;
524;"da Silva, C; Pascoal, C; Pace, G; Vaz, AS; Carvalho-Santos, C";Using social media and citizen science to assess cultural ecosystem services along riverine landscapes;Recreation/river beaches;Simple Linear Regression;Weight;1;
524;"da Silva, C; Pascoal, C; Pace, G; Vaz, AS; Carvalho-Santos, C";Using social media and citizen science to assess cultural ecosystem services along riverine landscapes;Recreation/river beaches;Simple Linear Regression;deviance explained (D2);0.99;
49;"Nyelele, C; Keske, C; Chung, MG; Guo, H; Egoh, BN";Using social media data and machine learning to map recreational ecosystem services;Recreation;Random Forest;Accuracy;0.99;
477;"Zhang J.; Cheng Y.; Mao Y.; Cai W.; Zhao B.";What are the factors influencing recreational visits to national forest parks in China? Experiments using crowdsourced geospatial data;Recreation;Spatial error model (SEM);pseudo R²;0.4969;
477;"Zhang J.; Cheng Y.; Mao Y.; Cai W.; Zhao B.";What are the factors influencing recreational visits to national forest parks in China? Experiments using crowdsourced geospatial data;Recreation;Ordinary Least Squares (OLS);Adjusted R²;0.43;
477;"Zhang J.; Cheng Y.; Mao Y.; Cai W.; Zhao B.";What are the factors influencing recreational visits to national forest parks in China? Experiments using crowdsourced geospatial data;Recreation;Spatial error model (SEM);AIC (Akaike Information Criterion);234.406;
477;"Zhang J.; Cheng Y.; Mao Y.; Cai W.; Zhao B.";What are the factors influencing recreational visits to national forest parks in China? Experiments using crowdsourced geospatial data;Recreation;Ordinary Least Squares (OLS);AIC (Akaike Information Criterion);239.179;
477;"Zhang J.; Cheng Y.; Mao Y.; Cai W.; Zhao B.";What are the factors influencing recreational visits to national forest parks in China? Experiments using crowdsourced geospatial data;Recreation;Spatial error model (SEM);Log-Likelihood;-109.59;
477;"Zhang J.; Cheng Y.; Mao Y.; Cai W.; Zhao B.";What are the factors influencing recreational visits to national forest parks in China? Experiments using crowdsourced geospatial data;Recreation;Ordinary Least Squares (OLS);Log-Likelihood;-107.203;
547;Spatial patterns and interactions among multiple cultural ecosystem services across urban greenspaces;10.1016/j.ecoser.2025.101740;Aesthetic value;Geographical Random Forest;"R² (Coefficient of Determination);Moran's I;Silhouette Width Index ";0.68;
547;Spatial patterns and interactions among multiple cultural ecosystem services across urban greenspaces;10.1016/j.ecoser.2025.101740;Bequest value;Geographical Random Forest;"R² (Coefficient of Determination);Moran's I;Silhouette Width Index ";0.68;
547;Spatial patterns and interactions among multiple cultural ecosystem services across urban greenspaces;10.1016/j.ecoser.2025.101740;Educational value;Geographical Random Forest;"R² (Coefficient of Determination);Moran's I;Silhouette Width Index ";0.68;
547;Spatial patterns and interactions among multiple cultural ecosystem services across urban greenspaces;10.1016/j.ecoser.2025.101740;Entertainment value;Geographical Random Forest;"R² (Coefficient of Determination);Moran's I;Silhouette Width Index ";0.68;
547;Spatial patterns and interactions among multiple cultural ecosystem services across urban greenspaces;10.1016/j.ecoser.2025.101740;Existence value;Geographical Random Forest;"R² (Coefficient of Determination);Moran's I;Silhouette Width Index ";0.68;
547;Spatial patterns and interactions among multiple cultural ecosystem services across urban greenspaces;10.1016/j.ecoser.2025.101740;Experiential use;Geographical Random Forest;"R² (Coefficient of Determination);Moran's I;Silhouette Width Index ";0.68;
547;Spatial patterns and interactions among multiple cultural ecosystem services across urban greenspaces;10.1016/j.ecoser.2025.101740;Heritage value;Geographical Random Forest;"R² (Coefficient of Determination);Moran's I;Silhouette Width Index ";0.68;
547;Spatial patterns and interactions among multiple cultural ecosystem services across urban greenspaces;10.1016/j.ecoser.2025.101740;Physical use;Geographical Random Forest;"R² (Coefficient of Determination);Moran's I;Silhouette Width Index ";0.68;
547;Spatial patterns and interactions among multiple cultural ecosystem services across urban greenspaces;10.1016/j.ecoser.2025.101740;Religious value;Geographical Random Forest;"R² (Coefficient of Determination);Moran's I;Silhouette Width Index ";0.68;
547;Spatial patterns and interactions among multiple cultural ecosystem services across urban greenspaces;10.1016/j.ecoser.2025.101740;Scientific value;Geographical Random Forest;"R² (Coefficient of Determination);Moran's I;Silhouette Width Index ";0.68;
547;Spatial patterns and interactions among multiple cultural ecosystem services across urban greenspaces;10.1016/j.ecoser.2025.101740;Symbolic value;Geographical Random Forest;"R² (Coefficient of Determination);Moran's I;Silhouette Width Index ";0.68;
560;Aesthetic appreciation of the cultural landscape through social media: An analysis of revealed preference in the Dutch river landscape;10.1016/j.landurbplan.2018.05.002;Aesthetic appreciation of cultural landscapes*;Generalized Linear Model;deviance explained (D2);;
560;Aesthetic appreciation of the cultural landscape through social media: An analysis of revealed preference in the Dutch river landscape;10.1016/j.landurbplan.2018.05.002;Aesthetic appreciation of cultural landscapes*;Generalized Linear Model;deviance explained (D2);;
560;Aesthetic appreciation of the cultural landscape through social media: An analysis of revealed preference in the Dutch river landscape;10.1016/j.landurbplan.2018.05.002;Aesthetic appreciation of cultural landscapes*;Generalized Linear Model;deviance explained (D2);;
566;Continental-scale quantification of landscape values using social media data;10.1073/pnas.1614158113;Aesthetic enjoyment;Generalized Mixed-Effects Model;"Marginal R2;Conditional R2";0.5;0.86
566;Continental-scale quantification of landscape values using social media data;10.1073/pnas.1614158113;Outdoor recreation;Generalized Mixed-Effects Model;"Marginal R2;Conditional R2";0.5;0.86
591;Recreational visits to urban parks and factors affecting park visits: Evidence from geotagged social media data;10.1016/j.landurbplan.2018.08.004;Recreational value of parks;Multiple Linear Regression;R² (Coefficient of Determination);0.56;
528;Assessing the Supply-Demand Matching and Spatial Flow of Urban Cultural Ecosystem Services: Based on Geospatial Data and User Interaction Data;10.3390/land14040773;Aesthetic;MaxEnt;AUC-ROC (Area Under the Receiver Operating Characteristic Curve);0.64;
528;Assessing the Supply-Demand Matching and Spatial Flow of Urban Cultural Ecosystem Services: Based on Geospatial Data and User Interaction Data;10.3390/land14040773;Recreational;MaxEnt;AUC-ROC (Area Under the Receiver Operating Characteristic Curve);0.91;
528;Assessing the Supply-Demand Matching and Spatial Flow of Urban Cultural Ecosystem Services: Based on Geospatial Data and User Interaction Data;10.3390/land14040773;Spiritual;MaxEnt;AUC-ROC (Area Under the Receiver Operating Characteristic Curve);0.85;
528;Assessing the Supply-Demand Matching and Spatial Flow of Urban Cultural Ecosystem Services: Based on Geospatial Data and User Interaction Data;10.3390/land14040773;Educational;MaxEnt;AUC-ROC (Area Under the Receiver Operating Characteristic Curve);0.94;
542;Mapping multiple stakeholder-perceived cultural ecosystem services in coastal landscapes along the Maritime Silk Road;10.1080/01426397.2025.2501233;Cultural heritage;Random Forest;AUC-ROC (Area Under the Receiver Operating Characteristic Curve);;
542;Mapping multiple stakeholder-perceived cultural ecosystem services in coastal landscapes along the Maritime Silk Road;10.1080/01426397.2025.2501234;Recreation;Random Forest;;;
542;Mapping multiple stakeholder-perceived cultural ecosystem services in coastal landscapes along the Maritime Silk Road;10.1080/01426397.2025.2501235;Artistic appreciation;Random Forest;;;
542;Mapping multiple stakeholder-perceived cultural ecosystem services in coastal landscapes along the Maritime Silk Road;10.1080/01426397.2025.2501236;Sense of place;Random Forest;;;
542;Mapping multiple stakeholder-perceived cultural ecosystem services in coastal landscapes along the Maritime Silk Road;10.1080/01426397.2025.2501237;Landscape appreciation;Random Forest;;;
542;Mapping multiple stakeholder-perceived cultural ecosystem services in coastal landscapes along the Maritime Silk Road;10.1080/01426397.2025.2501238;Nature appreciation;Random Forest;;;
542;Mapping multiple stakeholder-perceived cultural ecosystem services in coastal landscapes along the Maritime Silk Road;10.1080/01426397.2025.2501239;Religious and spiritual values;Random Forest;;;
542;Mapping multiple stakeholder-perceived cultural ecosystem services in coastal landscapes along the Maritime Silk Road;10.1080/01426397.2025.2501240;Research and education;Random Forest;;;
542;Mapping multiple stakeholder-perceived cultural ecosystem services in coastal landscapes along the Maritime Silk Road;10.1080/01426397.2025.2501241;Social relations;Random Forest;;;
546;Revealing youth-perceived cultural ecosystem services for high-density urban green space management: a deep learning spatial analysis of social media photographs from central Beijing;10.1007/s10980-025-02115-y;Artistic and cultural appreciation*;Random Forest;;;
546;Revealing youth-perceived cultural ecosystem services for high-density urban green space management: a deep learning spatial analysis of social media photographs from central Beijing;10.1007/s10980-025-02115-y;Artistic and cultural appreciation*;Random Forest;;;
546;Revealing youth-perceived cultural ecosystem services for high-density urban green space management: a deep learning spatial analysis of social media photographs from central Beijing;10.1007/s10980-025-02115-y;Historical monuments;Random Forest;;;
546;Revealing youth-perceived cultural ecosystem services for high-density urban green space management: a deep learning spatial analysis of social media photographs from central Beijing;10.1007/s10980-025-02115-y;Landscape appreciation;Random Forest;;;
546;Revealing youth-perceived cultural ecosystem services for high-density urban green space management: a deep learning spatial analysis of social media photographs from central Beijing;10.1007/s10980-025-02115-y;Nature appreciation on animals, plants;Random Forest;;;
546;Revealing youth-perceived cultural ecosystem services for high-density urban green space management: a deep learning spatial analysis of social media photographs from central Beijing;10.1007/s10980-025-02115-y;Natural structures and monuments;Random Forest;;;
546;Revealing youth-perceived cultural ecosystem services for high-density urban green space management: a deep learning spatial analysis of social media photographs from central Beijing;10.1007/s10980-025-02115-y;Religious and spiritual values;Random Forest;;;
546;Revealing youth-perceived cultural ecosystem services for high-density urban green space management: a deep learning spatial analysis of social media photographs from central Beijing;10.1007/s10980-025-02115-y;Research and education*;Random Forest;;;
546;Revealing youth-perceived cultural ecosystem services for high-density urban green space management: a deep learning spatial analysis of social media photographs from central Beijing;10.1007/s10980-025-02115-y;Research and education*;Random Forest;;;
546;Revealing youth-perceived cultural ecosystem services for high-density urban green space management: a deep learning spatial analysis of social media photographs from central Beijing;10.1007/s10980-025-02115-y;Social recreation;Random Forest;;;
546;Revealing youth-perceived cultural ecosystem services for high-density urban green space management: a deep learning spatial analysis of social media photographs from central Beijing;10.1007/s10980-025-02115-y;Sport recreation;Random Forest;;;
616;Spatial assessment of tourists' demand for cultural ecosystem services in the Kalajun World Natural Heritage Site, China;10.1016/j.jort.2025.100972;Aesthetic services;MaxEnt;AUC-ROC (Area Under the Receiver Operating Characteristic Curve);0.8;
616;Spatial assessment of tourists' demand for cultural ecosystem services in the Kalajun World Natural Heritage Site, China;10.1016/j.jort.2025.100972;Recreation services;MaxEnt;AUC-ROC (Area Under the Receiver Operating Characteristic Curve);0.8;
616;Spatial assessment of tourists' demand for cultural ecosystem services in the Kalajun World Natural Heritage Site, China;10.1016/j.jort.2025.100972;Cultural heritage services;MaxEnt;AUC-ROC (Area Under the Receiver Operating Characteristic Curve);0.8;
616;Spatial assessment of tourists' demand for cultural ecosystem services in the Kalajun World Natural Heritage Site, China;10.1016/j.jort.2025.100972;Educational services;MaxEnt;AUC-ROC (Area Under the Receiver Operating Characteristic Curve);0.8;
616;Spatial assessment of tourists' demand for cultural ecosystem services in the Kalajun World Natural Heritage Site, China;10.1016/j.jort.2025.100972;Sense of place services;MaxEnt;AUC-ROC (Area Under the Receiver Operating Characteristic Curve);0.8;
612;Seasonal variation of cultural ecosystem services in urban blue-green spaces based on the SoLVES model and social media data;10.1016/j.ecolind.2025.114393;Aesthetic Value;MaxEnt;AUC-ROC (Area Under the Receiver Operating Characteristic Curve);0.7;
612;Seasonal variation of cultural ecosystem services in urban blue-green spaces based on the SoLVES model and social media data;10.1016/j.ecolind.2025.114393;Recreational Value;MaxEnt;AUC-ROC (Area Under the Receiver Operating Characteristic Curve);0.7;
612;Seasonal variation of cultural ecosystem services in urban blue-green spaces based on the SoLVES model and social media data;10.1016/j.ecolind.2025.114393;Educational Value;MaxEnt;AUC-ROC (Area Under the Receiver Operating Characteristic Curve);0.7;
612;Seasonal variation of cultural ecosystem services in urban blue-green spaces based on the SoLVES model and social media data;10.1016/j.ecolind.2025.114393;Social Relations;MaxEnt;AUC-ROC (Area Under the Receiver Operating Characteristic Curve);0.7;
612;Seasonal variation of cultural ecosystem services in urban blue-green spaces based on the SoLVES model and social media data;10.1016/j.ecolind.2025.114393;Cultural& Artistic Value;MaxEnt;AUC-ROC (Area Under the Receiver Operating Characteristic Curve);0.7;
619;Modelling cultural ecosystem services of river landscapes in the Iberian Peninsula with deep learning and social media images;10.1016/j.jenvman.2025.127667;Aesthetic Values;XGBoost;"AUC-ROC (Area Under the Receiver Operating Characteristic Curve);Accuracy;F1-score;Macro F1;Weighted F1";;
619;Modelling cultural ecosystem services of river landscapes in the Iberian Peninsula with deep learning and social media images;10.1016/j.jenvman.2025.127667;Recreational Values;XGBoost;"AUC-ROC (Area Under the Receiver Operating Characteristic Curve);Accuracy;F1-score;Macro F1;Weighted F2";;
619;Modelling cultural ecosystem services of river landscapes in the Iberian Peninsula with deep learning and social media images;10.1016/j.jenvman.2025.127667;Cultural Heritage Values;XGBoost;"AUC-ROC (Area Under the Receiver Operating Characteristic Curve);Accuracy;F1-score;Macro F1;Weighted F3";;
619;Modelling cultural ecosystem services of river landscapes in the Iberian Peninsula with deep learning and social media images;10.1016/j.jenvman.2025.127667;Fauna Fascination;XGBoost;"AUC-ROC (Area Under the Receiver Operating Characteristic Curve);Accuracy;F1-score;Macro F1;Weighted F4";;
619;Modelling cultural ecosystem services of river landscapes in the Iberian Peninsula with deep learning and social media images;10.1016/j.jenvman.2025.127667;Flora Fascination;XGBoost;"AUC-ROC (Area Under the Receiver Operating Characteristic Curve);Accuracy;F1-score;Macro F1;Weighted F5";;
